085483,127.0.0.1,GET,http://localhost:8000/web/,1412523592,
3d4871,127.0.0.1,GET,http://localhost:8000/web/api,1412523595,
b82206,127.0.0.1,GET,http://localhost:8000/web/demo,1412523597,
ae5dd2,127.0.0.1,GET,http://localhost:8000/web/home,1412523599,
070977,127.0.0.1,GET,http://localhost:8000/web/api,1412523600,
91d8a2,127.0.0.1,GET,http://localhost:8000/web/api,1412523629,
604e15,127.0.0.1,GET,http://localhost:8000/web/demo,1412523630,
f380bf,127.0.0.1,GET,http://localhost:8001/web/demo,1412523647,
ca2f85,127.0.0.1,GET,http://localhost:8001/web/demo,1412523656,
7f352c,127.0.0.1,GET,http://localhost:8001/web/demo,1412524010,
498c77,127.0.0.1,GET,http://localhost:8001/web/demo,1412524144,
fd419e,127.0.0.1,GET,http://localhost:8001/web/demo,1412524210,
c2cbeb,127.0.0.1,GET,http://localhost:8001/web/demo,1412524225,
c23809,127.0.0.1,GET,http://localhost:8001/web/demo,1412524397,
c6d7bb,127.0.0.1,GET,http://localhost:8001/web/demo,1412524407,
1fcbfb,127.0.0.1,GET,http://localhost:8001/web/demo,1412524428,
c8f774,127.0.0.1,GET,http://localhost:8001/web/demo,1412524433,
9110b6,127.0.0.1,GET,http://localhost:8001/web/demo,1412524870,
b6270e,127.0.0.1,GET,http://localhost:8001/web/home,1412524874,
db3193,127.0.0.1,GET,http://localhost:8001/web/services,1412524876,
2ea4c7,127.0.0.1,GET,http://localhost:8001/web/services,1412524905,
cdcd8e,127.0.0.1,GET,http://localhost:8001/web/home,1412524907,
da01bd,127.0.0.1,GET,http://localhost:8001/web/demo,1412524908,
d6b5ee,127.0.0.1,GET,http://localhost:8001/web/services,1412524912,
8dcf07,127.0.0.1,GET,http://localhost:8001/web/home,1412524913,
a6b2de,127.0.0.1,GET,http://localhost:8001/web/demo,1412524953,
ad872d,127.0.0.1,GET,http://localhost:8001/web/services,1412524954,
fd80a5,127.0.0.1,GET,http://localhost:8001/web/home,1412524955,
f5798e,127.0.0.1,GET,http://localhost:8001/web/demo,1412524961,
e36f3b,127.0.0.1,GET,http://localhost:8001/web/home,1412524962,
b56940,127.0.0.1,GET,http://localhost:8001/web/services,1412524973,
bd911d,127.0.0.1,GET,http://localhost:8001/web/demo,1412524974,
d9c3c0,127.0.0.1,GET,http://localhost:8001/web/home,1412524975,
093632,127.0.0.1,GET,http://localhost:8001/web/home,1412524977,
ff9a2b,127.0.0.1,GET,http://localhost:8001/web/services,1412524980,
4e6d5d,127.0.0.1,GET,http://localhost:8001/web/home,1412524989,
405678,127.0.0.1,GET,http://localhost:8001/web/demo,1412524990,
b506f1,127.0.0.1,GET,http://localhost:8001/web/home,1412524992,
613ed0,127.0.0.1,GET,http://localhost:8001/web/home,1412525036,
51457a,127.0.0.1,GET,http://localhost:8001/web/services,1412525039,
7e7e35,127.0.0.1,GET,http://localhost:8001/web/demo,1412525040,
5a8133,127.0.0.1,GET,http://localhost:8001/web/home,1412525041,
7430c2,127.0.0.1,GET,http://localhost:8001/web/services,1412525042,
8a8906,127.0.0.1,GET,http://localhost:8001/web/home,1412525043,
6c0e60,127.0.0.1,GET,http://localhost:8001/web/services,1412525066,
a76146,127.0.0.1,GET,http://localhost:8001/web/home,1412525067,
07a324,127.0.0.1,GET,http://localhost:8001/web/services,1412525073,
3d1d74,127.0.0.1,GET,http://localhost:8001/web/demo,1412525074,
810095,127.0.0.1,GET,http://localhost:8001/web/home,1412525092,
af198d,127.0.0.1,GET,http://localhost:8001/web/home,1412525098,
1968ba,127.0.0.1,GET,http://localhost:8001/web/home,1412525099,
1b5226,127.0.0.1,GET,http://localhost:8001/,1412525220,
9697e5,127.0.0.1,GET,http://localhost:8001/services,1412525223,
a1e00b,127.0.0.1,GET,http://localhost:8001/demo,1412525224,
290c55,127.0.0.1,GET,http://localhost:8001/demo,1412525778,
dbfa15,127.0.0.1,GET,http://localhost:8000/index_dev.php/craftsmanship,1426041914,
41bdbb,127.0.0.1,GET,http://localhost:8000/index_dev.php/craftsmanship,1426041981,
15022a,127.0.0.1,GET,http://localhost:8000/index_dev.php/craftsmanship,1426042001,
72cf50,127.0.0.1,GET,http://localhost:8000/index_dev.php/smw,1426042014,
090d04,127.0.0.1,GET,http://localhost:8000/index_dev.php/smw,1426042077,
6654b3,127.0.0.1,GET,http://localhost:8000/index_dev.php/craftsmanship,1426042100,
ee396e,127.0.0.1,GET,http://localhost:8000/index_dev.php/craftsmanship,1426042144,
6a2d82,127.0.0.1,GET,http://localhost:8000/index_dev.php/craftsmanship,1426042157,
d2cfe8,127.0.0.1,GET,http://localhost:8000/index_dev.php/craftsmanship,1426042180,
d98dc8,127.0.0.1,GET,http://localhost:8000/index_dev.php/craftsmanship,1426042181,
327789,127.0.0.1,GET,http://localhost:8000/index_dev.php/craftsmanship,1426042195,
1d70c1,127.0.0.1,GET,http://localhost:8000/index_dev.php/craftsmanship,1426042309,
ad7ec0,127.0.0.1,GET,http://localhost:8000/index_dev.php/craftsmanship,1426042328,
0a07ce,127.0.0.1,GET,http://localhost:8000/index_dev.php/craftsmanship,1426042435,
370df7,127.0.0.1,GET,http://localhost:8000/index_dev.php/craftsmanship,1426042436,
